{"contactdb+airplane": [-0.012523692190962358, 2.972004037704399e-05, -0.017174419124931967], "contactdb+alarm_clock": [-0.0010440359945518044, -0.0005104271085181471, 0.05304991152509585], "contactdb+apple": [0.0017971650765141835, 0.0010522053056741555, 0.04240455312045125], "contactdb+banana": [-0.0020676000423557523, -0.03489938984095032, 0.0003537752874969181], "contactdb+binoculars": [6.178002292583416e-05, 0.0037596790917817976, 0.0522963137527254], "contactdb+bowl": [0.0006618865594220926, -0.0023976777394309912, 0.04110408447115374], "contactdb+camera": [0.005949683420036643, 0.006287119948248028, 0.03279157316289505], "contactdb+cell_phone": [-0.004482642566358845, 0.023556999141783285, 0.0015394851034245083], "contactdb+cube_large": [0.001113126054406165, -0.0029010642319917688, 0.0600000023841858], "contactdb+cube_medium": [0.0007420834153890587, -0.0019340440630912787, 0.04000000283122062], "contactdb+cube_small": [0.00037104170769452935, -0.0009670220315456394, 0.02000000141561031], "contactdb+cup": [-0.0006179917056279441, 0.001077627890606363, 0.04922711751802294], "contactdb+cylinder_large": [0.0020461777480197682, -0.003942167117501734, 0.06000000238418581], "contactdb+cylinder_medium": [0.0013641180752211558, -0.0026281108587367704, 0.04000000283122064], "contactdb+cylinder_small": [0.0006820590376105779, -0.0013140554293683852, 0.02000000141561032], "contactdb+door_knob": [-1.5490538671109664e-06, -4.902216066135098e-09, 0.026265991319584545], "contactdb+elephant": [0.0003065677968594086, 0.0006789872278824808, 0.04926889808981035], "contactdb+eyeglasses": [0.07066647821758397, -0.09550700435361846, 0.03460162460962642], "contactdb+flashlight": [0.0003328278051321808, -0.00024592243352736183, 0.0586452820641239], "contactdb+flute": [-0.10939951859104811, 1.1195796208511457e-07, 4.282970737294204e-06], "contactdb+hammer": [-0.009787519929188516, -0.004856432665650704, 0.011930049335797374], "contactdb+hand": [-0.005434993553789306, 0.0050958706965689325, 0.0664022359065653], "contactdb+headphones": [0.0011165688334934737, -0.009076381190355911, 0.025470397406875206], "contactdb+knife": [0.0033554650763730517, 0.0035064866381762107, 0.00782936168841099], "contactdb+light_bulb": [0.007667784151929609, -3.709129460675318e-05, -9.8283191030071e-05], "contactdb+mouse": [0.0006029148638710181, -1.7169168870687407e-06, 0.01643488799275188], "contactdb+mug": [0.002764156340669451, 1.60175207812897e-05, 0.04828578240278716], "contactdb+pan": [0.011340866587275171, 8.151669186951861e-05, 0.010401647599111314], "contactdb+piggy_bank": [-0.018284851659455283, 5.324989159712083e-05, 0.062031685814023005], "contactdb+ps_controller": [0.002338761360288385, 0.00716354432544922, 0.023507286137962154], "contactdb+pyramid_large": [-3.5221368216611485e-18, 3.838224847205131e-05, 0.028610169219675425], "contactdb+pyramid_medium": [-2.759539464033322e-18, 2.5587658836131702e-05, 0.019073445397659892], "contactdb+pyramid_small": [-1.379769732016661e-18, 1.2793829418065851e-05, 0.009536722698829946], "contactdb+rubber_duck": [0.0030927201902140075, 7.608167050051502e-08, 0.03781629344290213], "contactdb+scissors": [-0.0006289318372322763, 0.00992132743531518, 0.007114047709216125], "contactdb+sphere_large": [1.270019575992538e-07, 6.35599911583295e-07, 0.04790499026397487], "contactdb+sphere_medium": [8.765564840571904e-08, 4.388997077289375e-07, 0.03307725461683312], "contactdb+sphere_small": [4.4150467390648725e-08, 2.2097792862512631e-07, 0.016652685876395217], "contactdb+stanford_bunny": [-0.008180483936424121, -0.008463095191366444, 0.04823683051266748], "contactdb+stapler": [-0.004093227419439723, 1.4882365763259672e-06, 0.018682751872501333], "contactdb+toothbrush": [-0.017829505437488437, -0.01048364097181011, -0.0003787085641037611], "contactdb+toothpaste": [-0.0028306180228815773, 7.607030193875566e-06, -1.9974829776413422e-05], "contactdb+torus_large": [-9.277439579632388e-13, 3.0598806485391256e-13, -4.828749255840441e-14], "contactdb+torus_medium": [-1.0708571462128082e-12, 1.0981459525997263e-12, -4.001260286390656e-13], "contactdb+torus_small": [-7.028372595377534e-13, 3.0044619205387016e-13, -8.407194555883837e-14], "contactdb+train": [0.0041442709510123256, -3.59805186214677e-10, 0.034763732318961744], "contactdb+utah_teapot": [0.0009432161651066675, 0.0010590274847606966, 0.04423074492328778], "contactdb+water_bottle": [7.64896935300398e-12, 1.849118383839686e-10, 0.060606492304620146], "contactdb+wine_glass": [9.652627800754259e-06, -3.3556640121398784e-09, 0.10280019964385623], "contactdb+wristwatch": [0.012717489115590428, 0.0013926880621306207, 0.020669210875826367], "ycb+master_chef_can": [-0.016866726254824407, -0.009771745707898979, 0.07037805599357383], "ycb+cracker_box": [-0.014808840173126144, -0.01406082097873688, 0.10385714650405727], "ycb+sugar_box": [-0.00779986892263557, -0.016941556435871693, 0.08767942045605626], "ycb+tomato_soup_can": [-0.009285697599543886, 0.08417273562214615, 0.052568141433632705], "ycb+mustard_bottle": [-0.015058514921848983, -0.023137482807786557, 0.07662161379061522], "ycb+tuna_fish_can": [-0.02607613627842164, -0.022133517899679905, 0.013708482363796582], "ycb+pudding_box": [0.0009902668231310632, 0.018888075293574124, 0.018745133337528787], "ycb+gelatin_box": [-0.022696946690328287, -0.00794442970079376, 0.013829016554467076], "ycb+potted_meat_can": [-0.03260638980884346, -0.02639476565018889, 0.04099838044366504], "ycb+strawberry": [-0.0015450525745168994, 0.015392489566120847, 0.0210379350902634], "ycb+apple": [0.001220496842503129, -0.003926036088823508, 0.03642683804498609], "ycb+lemon": [-0.010828674687321242, 0.020970853122787958, 0.026205994547176953], "ycb+peach": [-0.014707266842328962, 0.006530107999362949, 0.028458924558273983], "ycb+pear": [-0.03236467630940681, 0.012894870859472374, 0.02935727097544919], "ycb+orange": [-0.007133054852786954, -0.018376557294067546, 0.03350868871439886], "ycb+plum": [-0.007679941719705588, 0.01936720930419242, 0.023449426265972604], "ycb+pitcher_base": [-0.006794937337612773, 0.03985999307389728, 0.1337178411868121], "ycb+bleach_cleanser": [-0.017131095367340348, 0.011578864533714029, 0.10468456449857377], "ycb+sponge": [-0.01579722994416401, 0.013025592999233792, 0.009256363714344252], "ycb+power_drill": [-0.031597498283828095, 0.020537312628196615, 0.02355720912716459], "ycb+wood_block": [0.023531744563568928, -0.01012234884259959, 0.10292931598870216], "ycb+phillips_screwdriver": [-0.009883780805728055, 0.01591855042684578, 0.015814634247923107], "ycb+hammer": [-0.03487529462699866, -0.0035067092493479834, 0.015698460347055108], "ycb+mini_soccer_ball": [-0.005928050567414259, 0.011485727180968804, 0.06127018759901175], "ycb+baseball": [-0.009941563060141932, -0.04813072767102712, 0.035912393371218085], "ycb+foam_brick": [-0.018574275248636002, 0.016992839892813943, 0.026000981363652295], "ycb+toy_airplane": [0.03579414008876832, 0.030195365686665213, 0.0850940880531313], "ycb+rubiks_cube": [-0.016202338512132444, -0.00048578915520589857, 0.028661378016597665]}